summary;description;modul;specification_id;specification;comment_type
Bildgebung: Pipe-Versionsangabe in Coding.system-Mustern macht sieben Muster unerfuellbar;"Sieben Muster in vier Profilen setzen als Coding.system einen Wert, der System-URL und Version mit einem senkrechten Strich verbindet: 'http://snomed.info/sct|http://snomed.info/sct/900000000000207008/version/20260701'. Betroffen sind mii-pr-bildgebung-anforderung-bildgebung (ServiceRequest.code.coding:sct und ServiceRequest.reasonCode.coding:sct), mii-pr-bildgebung-radiologische-beobachtung (Observation.code.coding:sct), mii-pr-bildgebung-radiologische-messung (Observation.method.coding:sct als patternCoding.system sowie Observation.component.code.coding.system als patternUri) und mii-pr-bildgebung-radiologischer-befund (DiagnosticReport.code.coding:sct und DiagnosticReport.conclusionCode.coding:sct). Ueber die Vererbung in die Snapshots wirken sich diese sieben Deklarationen auf acht Elementpositionen aus. Coding.system ist vom Typ uri und nimmt allein die System-URL auf; die Version gehoert nach Coding.version. Die system|version-Notation ist ausschliesslich in Canonical-Referenzen auf ValueSets und CodeSystems zulaessig, nicht in einem system-Wert. Folge: Das Muster ist nicht sinnvoll erfuellbar. Eine konforme Instanz muesste den Pipe-String woertlich als System-URI fuehren, womit jede Terminologiepruefung fehlschlaegt, weil es ein Codesystem dieser URL nicht gibt. In unseren Testdaten haben wir den String woertlich uebernommen, weil es die einzige Moeglichkeit war, das Muster zu erfuellen; die betroffenen Instanzen sind damit strukturell konform und terminologisch falsch zugleich. Vorschlag: system auf http://snomed.info/sct reduzieren. Soll die Ausgabe verbindlich sein, gehoert sie als eigener Wert nach Coding.version - dort ist http://snomed.info/sct/900000000000207008/version/20260701 die richtige Schreibweise. Ob eine Versionsfestlegung im Profil ueberhaupt gewollt ist, waere zu pruefen: Sie bindet jede konforme Instanz an die SNOMED-Ausgabe vom Juli 2026, auch Daten, die spaeter erhoben werden. Dieselbe Schreibweise steht einmal in Lungenfunktion und ist dort gesondert gemeldet.";Bildgebung;10745;MII - Modul Bildgebung;Vorschlag
Geschlossenes Slicing ohne Slices macht den gebundenen Wert unablegbar (ICU Pupillensymmetrie);"mii-pr-icu-untersuchung-pupillensymmetrie sliced Observation.value[x]:valueCodeableConcept.coding mit rules = closed, definiert aber keinen einzigen Slice. Folge: Kein Coding ist profilkonform ablegbar, obwohl value[x] per required binding an mii-vs-icu-code-observation-pupillensymmetrie gebunden ist (301943000 'Pupils equal', 13045009 'Anisocoria'). Ein kodierter Befund - also genau das, wofuer das Profil existiert - laesst sich damit nicht darstellen; value[x] und value[x]:valueCodeableConcept bleiben dauerhaft leer. In unseren Testdaten mussten wir auf dataAbsentReason = #unsupported ausweichen, um eine konforme Instanz zu erzeugen. Vorschlag: Entweder die vorgesehenen Coding-Slices (SNOMED) definieren, oder rules auf open setzen. Ergaenzend waere eine Publisher-Pruefung sinnvoll: geschlossenes Slicing ohne definierte Slices ist immer ein Modellierungsfehler.";ICU;10141;MII - Modul Intensivmedizin;Vorschlag
ICU Beatmung: sct-Slice ohne Muster verschluckt die geforderte IEEE-11073-Codierung;"mii-pr-icu-vent-maximaler-beatmungsdruck sliced Observation.code.coding mit discriminator pattern:$this. Der Slice sct ist 0..* und definiert an $this KEIN Muster, obwohl der Diskriminator genau dort hinsieht - er trifft damit jede Codierung. Die als 1..1 GEFORDERTE IEEE-11073-Codierung landet in ihm, und der Validator meldet dreifach: Element matches more than one slice (sct, IEEE-11073); Slice IEEE-11073 a matching slice is required but not found; Value is urn:iso:std:iso:11073:10101 but is fixed to http://snomed.info/sct. Das Profil verlangt also eine Codierung und macht sie sich selbst unmoeglich. Betroffen sind alle Beatmungsprofile mit IEEE-11073-Slice. Vorschlag: coding:sct ein Muster mit system UND code geben, wie loinc und IEEE-11073 es haben - ein Slice unter einem pattern:$this-Diskriminator ohne Muster ist immer ein Fehler.";ICU;10141;MII - Modul Intensivmedizin;Vorschlag
ICU Beatmung: Gepinnte LOINC-Codes ziehen das resprate-Profil herbei, das die Profile dreifach verletzen;"Die Beatmungs-Atemfrequenzprofile leiten NICHT von resprate ab - die Kette lautet mii-pr-icu-vent-*-atemfrequenz-beatmet auf mii-pr-icu-parameter-von-beatmung auf Observation. Der HL7-Java-Validator wendet resprate trotzdem an, auf Grund des gepinnten LOINC-Codes (Vital-Signs-Regel), und dann kollidieren die Profile dreifach mit ihm. Gemessen am Bundle bundle-icu-1 gegen den SU-TermServ, Fehlertexte woertlich: 'Slice Observation.category:VSCat: a matching slice is required, but not found (from http://hl7.org/fhir/StructureDefinition/resprate|4.0.1)'; 'RespRateCode: magic LOINC code 9279-1 required, but not found'; 'Value is {Breaths}/min but is fixed to /min in the profile resprate#Observation.value[x]:valueQuantity'. Erstens die Kategorie: mii-pr-icu-parameter-von-beatmung setzt Observation.category auf 1..1 mit Slicing, und der einzige Platz ist im abgeleiteten Profil vom Slice kuenstlicheBeatmung (SNOMED 40617009) belegt. Der von resprate geforderte VSCat-Slice mit observation-category#vital-signs kann deshalb nie erfuellt werden. Diese Kardinalitaet steht im ELTERNPROFIL und bindet damit alle 31 davon abgeleiteten Beatmungsprofile, nicht nur die Atemfrequenzen. Zweitens der Code: code.coding:loinc ist 1..1 mit festem Muster, der von resprate geforderte magic code 9279-1 passt in keinen Slot. Drittens die Einheit: die Profile fixieren '{Breaths}/min', resprate fixiert '/min'. Es gibt keine konforme Variante - mit '/min' bricht SUSHI den Build ab, mit '{Breaths}/min' meldet der Validator den Fehler. Aufschlussreich ist, WELCHE Profile es trifft: mii-pr-icu-vent-mechanische-atemfrequenz-beatmet (LOINC 33438-3) und -spontane-mechanische-atemfrequenz-beatmet (19840-8) erzeugen die resprate-Fehler, -spontane-atemfrequenz-beatmet (19839-0) nicht - bei identischem Profilmuster. Der Ausloeser ist also der gepinnte Code, nicht die Modellierung. Das Modul kann die Kollision derzeit weder sehen noch verhindern, weil sie nicht aus der eigenen Ableitung stammt. Vorschlag, in dieser Reihenfolge: Erstens klaeren, ob eine Beatmungsfrequenz ueberhaupt als Vitalparameter gelten soll - eine am Geraet eingestellte oder gemessene Frequenz ist keine Atemfrequenz des Patienten, und wenn der gepinnte LOINC-Code diese Gleichsetzung ausloest, ist der Code die Stellschraube. Zweitens, falls die Codes bleiben: category im Elternprofil auf 1..* oeffnen, damit der VSCat-Slice der Vitalparameter daneben Platz hat; loinc-Slice auf 1..* oeffnen, damit 9279-1 danebenstehen kann; und die Einheitenfestlegung nicht gegen resprate setzen. Drittens waere eine Rueckmeldung an HL7 sinnvoll, dass die Vital-Signs-Regel hier auf Geraeteparameter greift. Zweiter Befund an denselben Profilen, mit einer einzigen Ursache und zwei Symptomen: Die IEEE-11073-Slices schreiben per patternCoding ein display fest, das nicht die offizielle MDC-Bezeichnung ist - fuer 151586 steht dort 'Rate of mechanical ventilation; method not specified.' (die MDC-Referenzbeschreibung), waehrend das gueltige display 'MDC_VENT_RESP_RATE' lautet. Der Validator meldet daraufhin zweierlei: 'Wrong Display Name ... Valid display is MDC_VENT_RESP_RATE' und, als Folge davon, 'The code provided (urn:iso:std:iso:11073:10101#151586) was not found in the value set MII VS ICU Code Observation Beatmung ISO11073 ... and a code from this value set is required: Wrong Display Name ...'. Die zweite Meldung ist irrefuehrend und sollte nicht zu einer Aenderung an der Wertemenge verleiten: Der Code IST darin enthalten. Nachgerechnet gegen den BOM-Stand - die Wertemenge fuehrt 20 Codes, darunter 151586, 152490 und 152498, und ihre Expansion gegen den SU-TermServ liefert alle drei. Es ist das falsche display, das die Codierung durchfallen laesst, und die Wertemengen-Meldung ist nur die Folge. Betroffen sind alle drei Atemfrequenzprofile (151586, 152498, 152490) und vermutlich weitere der 31 Beatmungsprofile mit IEEE-Slice. Vorschlag: Das display aus den patternCoding-Mustern der IEEE-Slices entfernen und nur system und code festschreiben. Displays gehoeren generell nicht in Profile - sie sind Anzeigehilfen des Terminologieservers und aendern sich mit dessen Sprachkontext und Version, waehrend ein Profil eine Datenzusage macht. Wo eine lesbare Bezeichnung im Profil gewuenscht ist, gehoert sie in short oder definition, nicht in ein Muster.";ICU;10141;MII - Modul Intensivmedizin;Vorschlag
ICU Wong-Baker: patternString auf category.coding.display macht das Profil unerfuellbar;mii-pr-icu-score-wong-baker-faces-schmerzskala fixiert Observation.category.coding.display per patternString auf 'Assessment'. Observation.category ist an observation-category gebunden, wo der Code survey 'Survey' heisst. Wer Survey schreibt verletzt das Pattern (SUSHI bricht den Build ab), wer Assessment schreibt bekommt den Terminologiefehler Wrong Display Name. Es existiert keine konforme Instanz. Zusaetzlich haengt das Pattern ohne Slice-Bezug an category.coding.display und trifft damit auch die SNOMED-Codierung 273249006. Vorschlag: Das Element ersatzlos aus dem Differential entfernen und die Kategorie wie in den uebrigen ICU-Score-Profilen ueber patternCodeableConcept am Slice festlegen. Displays gehoeren generell nicht in Profile - sie sind Anzeigehilfen des Terminologieservers, keine Datenzusagen.;ICU;10141;MII - Modul Intensivmedizin;Vorschlag
ICU-Scores: Slicing-Diskriminator ohne Muster macht SOFA und GCS unvalidierbar;"mii-pr-icu-score-sofa und mii-pr-icu-score-gcs slicen Observation.component mit discriminator type=pattern path=code. Kein Slice definiert jedoch ein patternCodeableConcept auf component.code selbst — die Muster sitzen eine Ebene tiefer auf code.coding:loinc und code.coding:sct. Der Validator kann keine Komponente einem Slice zuordnen und meldet fuer jede 'Slicing kann nicht ausgewertet werden'. Gemessen an vier Bundles: 132 Fehler, davon 114 auf drei SOFA-Observations und 18 auf GCS — identisch mit und ohne Terminologieserver, also ein reiner Strukturdefekt. Nebenwirkung: Der Validator baut ueber viele Bundles eine Slicing-Fehleruebersicht auf und laeuft dabei in den OutOfMemoryError (errorSummaryForSlicingAsHtml); unsere CI brauchte 14 GB Heap, um ueberhaupt ein Ergebnis zu bekommen. Die Codes sind vorhanden und korrekt: respiratory 96823-0, coagulation 96824-8, hepatic 96825-5, cardiovascular 96826-3, neurological 96827-1, renal 96828-9. Daneben steht jeweils ein SNOMED-Slice mit dem Platzhalter xxx bzw. xxxx. Vorschlag: Den Diskriminator auf code.coding.code ziehen oder ein patternCodeableConcept mit dem LOINC-Coding direkt auf component:*.code setzen, und die SNOMED-Slices entfernen statt Platzhalter stehen zu lassen. Beides zusammen macht aus 132 Fehlern null, ohne dass ein Code recherchiert werden muss.";ICU;10141;MII - Modul Intensivmedizin;Vorschlag
ICU: Must-Support dataAbsentReason neben value[x] 1..1 ist per obs-6 unerfuellbar;"27 ICU-Profile markieren Observation.dataAbsentReason als Must-Support, waehrend Observation.value[x] im selben Profil auf 1..1 steht. Die FHIR-Basisinvariante obs-6 (dataAbsentReason.empty() or value.empty()) schliesst aus, dass beide Elemente gleichzeitig besetzt sind; eine Instanz, die dataAbsentReason benutzt, verletzt damit zwangslaeufig value[x] min=1. Das als Must-Support markierte Element ist nicht konform befuellbar. Betroffen sind 45 Must-Support-Knoten in 27 Profilen, davon 18 in Komponenten-Slices: 20 Bilanz-Profile (mii-pr-icu-bilanz, zwoelf -ausfuhr-* fuer Blutverlust, Drainage generisch, Fluessigkeit gesamt, Gallenfluessigkeit, Haemofiltration Einzelmesswerte, Magensonde, OP-Drainage, Pankreasdrainage, Stuhlgang, Urin, Wunddrainage; sieben -einfuhr-* fuer abgepumpte Muttermilch, enterale Fluessigkeit, Fluessigkeit gesamt, Muttermilch, orale Fluessigkeit, Saeuglingsnahrung, Spendermilch; sowie -tagesbilanz-fluessigkeit), mii-pr-icu-muv-atemfrequenz und sechs Score-Profile (cam-icu, faces-pain-scale-revised, gcs, icdsc, sofa, zopa); die 18 Komponenten-Slices liegen in cam-icu, icdsc und sofa. Dass es ein Widerspruch im Modell ist und keine Randnotiz, steht in den Score-Profilen selbst: Sie definieren mii-icu-val-xor-dar als value.exists() xor dataAbsentReason.exists() - entweder Wert oder Grund. Genau diese Absicht hebelt value[x] 1..1 aus; das Modell sagt an zwei Stellen Gegensaetzliches ueber dieselbe Sache. Hinweis zur Bewertung: Ein konformer Weg, Abwesenheit auszudruecken, existiert, ist aber nicht der markierte. Da value[x].value auf 0..1 steht (Pflicht sind allein unit und code), validiert eine Quantity ohne Zahl mit der Standard-Extension data-absent-reason fehlerfrei; die Variante mit dem dataAbsentReason-Element scheitert dagegen an value[x] min=1. Beides am HL7-Java-Validator gegen mii-pr-icu-bilanz-ausfuhr-urin geprueft. Must-Support steht also auf dem unbenutzbaren der beiden Wege. Vorschlag: value[x] bzw. component.value[x] auf 0..1 setzen und die Pflicht ueber die XOR-Invariante durchsetzen. In den Score-Profilen ist diese Invariante bereits vorhanden; fuer die Bilanz-Profile und muv-atemfrequenz waere sie analog zu ergaenzen. Derselbe Widerspruch besteht in Mikrobiologie (1 Profil) und Soziodemographie (4 Profile) und ist dort gesondert gemeldet.";ICU;10141;MII - Modul Intensivmedizin;Vorschlag
ICU: Platzhalter xxx statt SNOMED-Codes in den sechs SOFA-Subscores - die Codes existieren nicht;"mii-pr-icu-score-sofa fuehrt in allen sechs Subscore-Komponenten einen sct-Slice mit einem Platzhalter statt eines Codes: viermal patternCoding sct#xxx (respiratory ist xxxx, neurological ist xxxx; cardiovascular, hepatic, coagulation, renal sind xxx), bei ausformulierten Displays wie 'SOFA Subscore - Cardiovascular'. Ein patternCoding verlangt, dass jede Codierung im Slice dem Muster entspricht - wer die Komponente befuellt, muesste woertlich code 'xxx' schreiben, was jede Terminologiepruefung ablehnt. Anders als bei vergleichbaren Platzhaltern laesst sich das hier NICHT durch Nachtragen der Codes loesen: SNOMED CT kennt insgesamt drei SOFA-Konzepte - 459231000124102 (Sequential Organ Failure Assessment), 1187491009 (Sequential Organ Failure Assessment score) und 1003700002 (Assessment using Sequential Organ Failure Assessment score) - und keines davon ist ein Subscore. Geprueft gegen den MII SU-TermServ ueber ValueSet/$expand mit Filter auf 'SOFA' und 'Sequential Organ Failure'. Es gibt also keinen Code, der in diese Slices gehoeren wuerde. Die LOINC-Seite ist dagegen vollstaendig und korrekt: respiratory 96823-0, coagulation 96824-8, hepatic 96825-5, cardiovascular 96826-3, neurological 96827-1, renal 96828-9. Auch das Eltern-Element ist sauber codiert (loinc 96789-3, sct 1187491009) - die Luecke betrifft ausschliesslich die Subscore-Ebene, auf der SNOMED nichts anbietet. Zur Modellierungsfrage: Die Slices tragen patternCoding unter einem pattern:coding-Diskriminator, das ist eine Einzelcode-Modellierung. Ein ValueSet waere hier die falsche Antwort - eine Wertemenge gehoert an eine Bindung auf code, nicht in ein Muster auf einem Slice, das genau eine Codierung festschreibt. Vorschlag: Die sct-Slices in den sechs Subscore-Komponenten ersatzlos entfernen, statt Platzhalter stehen zu lassen oder nach Codes zu suchen, die es nicht gibt. Das faellt mit der Korrektur des Slicing-Diskriminators zusammen, die separat gemeldet ist; beides zusammen macht aus 132 Validierungsfehlern null, ohne dass ein Code recherchiert werden muss. Ergaenzend ein Release-Gate, das publizierte Pakete auf TODO, xxx und TBD in fixed*- und pattern*-Werten prueft.";ICU;10141;MII - Modul Intensivmedizin;Vorschlag
Lungenfunktion Methacholin: type-Diskriminator kann Medication.ingredient-Slices nicht trennen;mii-pr-lungenfunktion-methacholine sliced Medication.ingredient mit discriminator type:$this und definiert zwei Slices, die sich inhaltlich unterscheiden: ingredient:Wirkstoff.isActive mit Muster true, ingredient:Loesung.isActive mit Muster false. Medication.ingredient ist ein BackboneElement, beide Slices haben denselben Typ, ein type-Diskriminator kann sie grundsaetzlich nicht unterscheiden. Beide Zutaten fallen in den ersten Slice: Medication.ingredient:Wirkstoff max allowed = 1 but found 2, und ingredient[1].isActive Value is false but is fixed to true. Testdaten, die den Slices genau folgen (Methacholin als Wirkstoff, Wasser als Loesung), sind damit nicht validierbar. Vorschlag: Diskriminator auf pattern mit path isActive umstellen - das ist das Merkmal, in dem sich die Slices tatsaechlich unterscheiden. Verwandt mit kerndatensatz-lungenfunktion#45.;Lungenfunktion;10740;MII - Modul Lungenfunktion;Vorschlag
Lungenfunktion: 56 Platzhalter TODO statt Codes in 20 Profilen - LOINC nachtragbar, SNOMED nur teilweise;"56 Elemente in 20 Profilen tragen als patternCoding einen Platzhalter statt eines Codes: 35x sct#TODO und 21x loinc.org#TODO. Betroffen sind unter anderem VA, KCOc, DLCO, DLCOc, FRC, IC, IRV_ERV, KCO, sG_Total, MEF, R_Effektiv, R_Spezifisch und RV_TLC sowie die DiagnosticReports Diffusion, Bodyplethysmographie und Provokationstest. Schwerpunkt sind die Komponenten predicted und percentPredicted. Ein patternCoding verlangt, dass jede Codierung im Slice dem Muster entspricht - wer die Komponente befuellt, muesste woertlich code 'TODO' schreiben, was jede Terminologiepruefung ablehnt. Die betroffenen Must-Support-Elemente sind damit nicht konform befuellbar. Es ist ueberwiegend keine Terminologieluecke, sondern unfertige Redaktion: mii-pr-lungenfunktion-va hat den SNOMED-Code korrekt gesetzt (251953007 Alveolar volume), nur das LOINC-Slice steht auf TODO. Und fuer die Predicted-Komponenten fuehrt das Modul in seinen eigenen ValueSets bereits reale LOINC-Codes: 19861-4 (Total lung capacity Predicted), 19910-9 (Diffusion capacity.carbon monoxide Predicted), 98130-8, 19915-8, 98088-8. Die LOINC-Platzhalter sind also nachtragbar. Bei SNOMED liegt der Fall anders und sollte codeweise entschieden werden: Geprueft gegen den MII SU-TermServ deckt SNOMED die Sollwerte nur punktuell ab - es gibt 313223002 (Percent predicted FEV1), 445389005 (Percentage of predicted vital capacity) und 445210000 (Percentage of predicted forced vital capacity), aber nichts Systematisches fuer TLC, DLCO und die uebrigen Groessen. Wo kein Konzept existiert, gehoert der sct-Slice entfernt und nicht mit einem Platzhalter offengehalten. Zur Modellierungsfrage: Die Slices tragen patternCoding unter einem pattern:coding-Diskriminator, das ist eine Einzelcode-Modellierung. Ein ValueSet waere hier die falsche Antwort - eine Wertemenge gehoert an eine Bindung auf code, nicht in ein Muster auf einem Slice, das genau eine Codierung festschreibt. Vorschlag: Die LOINC-Platzhalter vor Ballot-Abschluss aus den eigenen ValueSets des Moduls auffuellen; die SNOMED-Platzhalter je Groesse pruefen und den Slice entfernen, wo SNOMED nichts anbietet. Ergaenzend ein Release-Gate, das publizierte Pakete auf TODO, xxx und TBD in fixed*- und pattern*-Werten prueft.";Lungenfunktion;10740;MII - Modul Lungenfunktion;Vorschlag
Lungenfunktion: Falsche Einheiten-Pattern - Pascal-Schreibweise defekt, Gewicht und Haemoglobin gehoeren nicht ins Modul;"Mehrere Profile fixieren per patternString eine Einheit, die zur gemessenen Groesse nicht passt. Da es Pattern sind, muss jede konforme Instanz sie woertlich uebernehmen - die Elemente sind also nicht sinnvoll befuellbar. Vier Faelle, mit unterschiedlicher Empfehlung. 1. mii-pr-lungenfunktion-sg-total - MUSS korrigiert werden. Das Profil schreibt '/kPA*s' bzw. '/kPA.s'. Darin stecken zwei Fehler: UCUM ist case-sensitiv, 'Pa' ist das Pascal, 'PA' existiert nicht; und der Multiplikationsoperator in UCUM ist der Punkt, nicht der Stern. Hinzu kommt, dass Messwert und Sollwert den Ausdruck UNTERSCHIEDLICH schreiben, das Profil sich also selbst widerspricht. Fuer eine spezifische Atemwegsleitfaehigkeit ist '/(kPa.s)' die korrekte Schreibweise; die Klammer ist noetig, weil ein fuehrender Schraegstrich in UCUM nur den unmittelbar folgenden Term erfasst - '/kPa.s' bedeutet Sekunden pro Kilopascal und damit etwas anderes. Hinweis zur Pruefung: Der MII SU-TermServ validiert UCUM nicht als Ausdruck, sondern ueber eine Positivliste (kPa gilt, s gilt, kPa.s nicht; /min gilt, /kPa nicht). Die Schreibweise sollte daher gegen die UCUM-Spezifikation entschieden werden, nicht gegen die Antwort eines Servers. 2. mii-pr-lungenfunktion-gewicht - Profil sollte ENTFALLEN. Es setzt value[x].unit und component:predicted...unit auf 'ug' (Mikrogramm) statt kg, ein Faktor 10 hoch 9. Der Fehler konnte entstehen, weil das Profil direkt von Observation ableitet statt von einem etablierten Gewichtsprofil: FHIR-Core bodyweight bindet valueQuantity.code required an ucum-bodyweight (genau kg, g und [lb_av]) - 'ug' waere dort abgelehnt worden. Die Einheit ist unabhaengig von allem Weiteren zu korrigieren - ein publiziertes Ballot-Artefakt sollte kein Koerpergewicht in Mikrogramm fuehren, auch nicht uebergangsweise. Strukturell sollte das Profil darueber hinaus ersatzlos entfallen und auf ISiK Vitalparameter verwiesen werden: https://gematik.de/fhir/isik/StructureDefinition/ISiKKoerpergewicht (de.gematik.isik 6.0.0, bereits Abhaengigkeit der 2027-Generation). Ein Koerpergewicht ist kein lungenfunktionsspezifisches Konzept. 3. mii-pr-lungenfunktion-hb - gehoert ins LABORMODUL. Das Profil setzt component:predicted...unit auf 'L' statt g/dL und widerspricht damit seinem eigenen gepinnten LOINC-Code 718-7 'Hemoglobin [Mass/volume] in Blood'; profilintern ist der Widerspruch sichtbar, weil der Messwert korrekt auf 'g{Hemoglobin}/dL' steht - ein reines Volumen als Sollwert einer Massenkonzentration. Auch hier ist die Einheit unabhaengig von der strukturellen Entscheidung zu korrigieren; sie darf nicht liegenbleiben, weil das Profil ohnehin wandern soll. Darueber hinaus ist ein Haemoglobinwert eine Laborgroesse und kein Lungenfunktionsbefund. Zwei gangbare Wege: entweder das Profil entfernen und im Labormodul eine Erklaerseite zum Umgang mit Haemoglobin ergaenzen (auf die die Lungenfunktion verweist), oder das Profil verallgemeinern und in das Labormodul verschieben. Die Lungenfunktion braucht den Haemoglobinwert als Eingangsgroesse der DLCO-Korrektur, nicht als eigenes Profil. 4. mii-pr-lungenfunktion-bf - Einheit korrigieren. component:predicted...unit steht auf 'L' statt '/min', obwohl das Profil den LOINC-Code 9279-1 'Respiratory rate' pinnt und von observation-de-vitalsign-atemfrequenz ableitet. Hier genuegt die Korrektur der Sollwert-Einheit auf die der Basis. Gemeinsame Ursache: Die Profile leiten nicht von einem gemeinsamen Elternprofil ab - gewicht und hb basieren direkt auf Observation, bf auf observation-de-vitalsign-atemfrequenz. Die Einheiten sind also in jedem Profil einzeln deklariert, und wo ein etabliertes Basisprofil genutzt wurde, ist der Fehler nicht aufgetreten. Vorschlag, zwei Ebenen. Kurzfristig sind ALLE vier Einheiten zu korrigieren - sg-total auf die UCUM-konforme Schreibweise, bf auf /min, gewicht auf kg, hb auf g{Hemoglobin}/dL -, denn jeder dieser Werte macht heute ein Must-Support-Element unbefuellbar. Strukturell darueber hinaus: gewicht ersatzlos entfernen mit Verweis auf ISiKKoerpergewicht, hb entweder entfernen (plus Erklaerseite im Labormodul) oder verallgemeinert ins Labormodul verschieben. Die strukturelle Entscheidung ersetzt die Korrektur nicht, sie folgt ihr. Ergaenzend eine Regel, die meldet, wenn ein abgeleitetes Profil die Elterneinheit bei Groessenwechsel unveraendert uebernimmt - ein Gate gegen die Liste ucum-common faengt nur die Haelfte (ug und L stehen darin) und erzeugt Fehlalarme, weil das korrekte g{Hemoglobin}/dL dort fehlt.";Lungenfunktion;10740;MII - Modul Lungenfunktion;Vorschlag
Lungenfunktion: Pipe-Versionsangabe in Coding.system des Befund-Profils wirkt in fuenf Profilen;"mii-pr-lungenfunktion-befund setzt auf DiagnosticReport.conclusionCode.coding:sct ein patternCoding, dessen system System-URL und Version mit einem senkrechten Strich verbindet: 'http://snomed.info/sct|http://snomed.info/sct/900000000000207008/version/20260701'. Coding.system ist vom Typ uri und nimmt allein die System-URL auf; die Version gehoert nach Coding.version. Die system|version-Notation ist ausschliesslich in Canonical-Referenzen auf ValueSets und CodeSystems zulaessig. Es ist eine einzige Deklaration, sie wirkt aber ueber die Ableitung auf fuenf Profile: mii-pr-lungenfunktion-befund selbst sowie -spirometrie, -diffusion, -bodyplethysmographie und -provokationstest, die den Snapshot erben. Die Korrektur an einer Stelle raeumt alle fuenf ab. Folge: Das Muster ist nicht sinnvoll erfuellbar - eine konforme Instanz muesste den Pipe-String woertlich als System-URI fuehren, womit jede Terminologiepruefung fehlschlaegt. Betroffen ist conclusionCode, also die kodierte Beurteilung und damit das fachlich wichtigste Feld des Befunds. Vorschlag: system auf http://snomed.info/sct reduzieren und die Version, falls verbindlich, ueber Coding.version ausdruecken. Ob eine Versionsfestlegung im Profil gewollt ist, waere zu pruefen: Sie bindet jede konforme Instanz an die SNOMED-Ausgabe vom Juli 2026. Dieselbe Schreibweise steht siebenmal in Bildgebung und ist dort gesondert gemeldet.";Lungenfunktion;10740;MII - Modul Lungenfunktion;Vorschlag
MedicationAdministration.dosage.dose ist Pflichtfeld ohne Wertevorrat, waehrend Request und Statement gebunden sind;"Die MII-Medikationsprofile fuer MedicationRequest und MedicationStatement typisieren dosageInstruction bzw. dosage auf DosageDE (de.fhir.medication). Dessen einzige inhaltliche Festlegung ist eine Bindung: Dosage.doseAndRate.dose[x]:doseQuantity required auf DosageDoseQuantityDE (Vereinigung aus UCUM, KBV_CS_SFHIR_BMP_DOSIEREINHEIT und EDQM Unit of Presentation). Alles Uebrige in DosageDE sind Must-Support-Flags. MedicationAdministration.dosage.dose traegt diese Bindung nicht - dort ist ueberhaupt keine gesetzt. Zugleich setzt das MII-Profil MedicationAdministration.dosage.dose.system und .code auf 1..1 Must-Support. Jede konforme Instanz MUSS also einen Code aus einem Codesystem fuehren, und kein ValueSet sagt, aus welchem. Das ist kein Harmonisierungswunsch, sondern ein Pflichtfeld ohne Wertevorrat: Eine Verabreichung darf Einheiten fuehren, die eine Verordnung desselben Medikaments nicht fuehren duerfte. Warum das Profil nicht die Loesung ist: MedicationAdministration.dosage ist in FHIR R4 ein BackboneElement, kein Dosage-Datentyp. DosageDE laesst sich dort nicht als type.profile anwenden, das ist ein Typkonflikt und kein Versaeumnis. Die Bindung dagegen ist uebertragbar - MedicationAdministration.dosage.dose ist eine Quantity, und eine Bindung auf einer Quantity greift auf Quantity.code. Es genuegt also, dieselbe Bindung direkt auf dosage.dose zu setzen: dasselbe ValueSet, dieselbe Staerke, kein neues Artefakt. Das MII-Profil hat die DosageDE-Semantik fuer site und route bereits manuell nachgezogen (SNOMED- und EDQM-Slices auf die IPS-ValueSets); bei dose fehlt genau dieser Schritt. Reichweite: mii-pr-bildgebung-kontrastmittelgabe und mii-pr-lungenfunktion-dosis-gabe leiten vom MII-MedicationAdministration-Profil ab und setzen dosage.dose beide auf 1..1. Eine Bindung im Medikationsmodul erben sie mit - drei Module, eine Korrektur. Zur Rate ausdruecklich KEIN Befund: DosageDE bindet doseAndRate.rate[x] nicht, Request und Statement lassen die Rate also ebenso ungebunden. Dort besteht keine Asymmetrie. Ebenso wenig laesst sich TimingDE irgendwo in MedicationAdministration unterbringen: dosage hat kein timing-Element, der Zeitpunkt steht in effective[x] als dateTime|Period, und rate[x] ist Ratio|Quantity. Timing ist in DosageDE ueber Dosage.timing bereits abgedeckt und gehoert zur Verordnung, nicht zur Gabe. Hinweis zur Version: Das Modul pinnt de.fhir.medication 1.0.7. Nach dem Ballot sollte nach Moeglichkeit auf die aktuelle Medikation-DE-Generation 2.0.0 gewechselt werden (derzeit als 2.0.0-ballot publiziert, Stand 30.08.2026; latest zeigt noch auf 1.0.7). Dieser Befund erledigt sich dadurch aber NICHT: Auch 2.0.0-ballot enthaelt kein MedicationAdministration-Profil, und DosageDE bindet dort zusaetzlich doseRange.low und doseRange.high an dasselbe DosageDoseQuantityDE. Der Wechsel vergroessert die Bindungsabdeckung auf der Verordnungsseite und laesst die Verabreichung unveraendert ungebunden - die Asymmetrie waechst also eher, als dass sie verschwindet. Vorschlag: MedicationAdministration.dosage.dose required an DosageDoseQuantityDE binden, analog zur bereits erfolgten Harmonisierung von site und route. Beim Versionswechsel auf Medikation-DE 2.0.0 pruefen, ob die dort neu gebundenen doseRange-Grenzen eine Entsprechung auf der Verabreichungsseite brauchen.";Medikation;10115;MII - Modul Medikation;Vorschlag
Mikrobiologie: Must-Support dataAbsentReason neben value[x] 1..1 ist per obs-6 unerfuellbar;"mii-pr-mikrobio-resistenzkategorie-status markiert Observation.dataAbsentReason als Must-Support, waehrend Observation.value[x] auf 1..1 steht. Die FHIR-Basisinvariante obs-6 (dataAbsentReason.empty() or value.empty()) schliesst aus, dass beide Elemente gleichzeitig besetzt sind; eine Instanz, die dataAbsentReason benutzt, verletzt damit zwangslaeufig value[x] min=1. Das als Must-Support markierte Element ist nicht konform befuellbar. Es ist genau ein Profil und ein Must-Support-Knoten, die Korrektur entsprechend klein. Bei diesem Profil kommt hinzu, dass value[x] auf CodeableConcept eingeschraenkt ist und an ein Ergebnis-ValueSet bindet - ein fehlender Resistenzkategorie-Status ist fachlich ein realistischer Fall, fuer den das Modell derzeit keinen gangbaren Ausdruck anbietet. Hinweis zur Bewertung: Ein konformer Weg existiert, ist aber nicht der markierte. Steht value[x].value auf 0..1, validiert eine Quantity ohne Zahl mit der Standard-Extension data-absent-reason fehlerfrei, waehrend die Variante mit dem dataAbsentReason-Element an value[x] min=1 scheitert (am HL7-Java-Validator geprueft, an einem gleichartigen ICU-Profil). Vorschlag: value[x] auf 0..1 setzen und die Pflicht ueber eine Invariante der Form value.exists() xor dataAbsentReason.exists() durchsetzen. Das ICU-Modul fuehrt eine solche Invariante bereits unter dem Namen mii-icu-val-xor-dar. Derselbe Widerspruch besteht in ICU (27 Profile) und Soziodemographie (4 Profile) und ist dort gesondert gemeldet.";Mikrobiologie;10117;MII - Modul Mikrobiologie;Vorschlag
Soziodemographie: Must-Support dataAbsentReason neben value[x] 1..1 ist per obs-6 unerfuellbar;"Vier Profile markieren Observation.dataAbsentReason als Must-Support, waehrend Observation.value[x] auf 1..1 steht: mii-pr-sdd-betreuungssituation, mii-pr-sdd-haushaltsgroesse, mii-pr-sdd-partnerschaft und mii-pr-sdd-vertrauensperson. Die FHIR-Basisinvariante obs-6 (dataAbsentReason.empty() or value.empty()) schliesst aus, dass beide Elemente gleichzeitig besetzt sind; eine Instanz, die dataAbsentReason benutzt, verletzt damit zwangslaeufig value[x] min=1. Das als Must-Support markierte Element ist nicht konform befuellbar. Warum es gerade hier zaehlt: Die vier Profile erheben Angaben, die Befragte regelmaessig verweigern oder nicht beantworten koennen - Betreuungssituation, Haushaltsgroesse, Partnerschaft, Vertrauensperson. Keine Angabe ist bei sozialen Merkmalen kein Randfall, sondern ein erwartbares Ergebnis, und dataAbsentReason mit Codes wie asked-declined ist genau dafuer gedacht. Das Modell markiert dieses Element als Must-Support und macht es gleichzeitig unbenutzbar. Hinweis zur Bewertung: Ein konformer Weg existiert, ist aber nicht der markierte. Steht value[x].value auf 0..1, validiert eine Quantity ohne Zahl mit der Standard-Extension data-absent-reason fehlerfrei, waehrend die Variante mit dem dataAbsentReason-Element an value[x] min=1 scheitert (am HL7-Java-Validator geprueft, an einem gleichartigen ICU-Profil). Vorschlag: value[x] auf 0..1 setzen und die Pflicht ueber eine Invariante der Form value.exists() xor dataAbsentReason.exists() durchsetzen. Das ICU-Modul fuehrt eine solche Invariante bereits unter dem Namen mii-icu-val-xor-dar. Derselbe Widerspruch besteht in ICU (27 Profile) und Mikrobiologie (1 Profil) und ist dort gesondert gemeldet.";Soziodemographie;10742;MII - Modul Soziodemographische Daten;Vorschlag
